City_ID,City,Lat,Lng,Max Temp,Humidity,Cloudiness,Wind Speed,Country,Date
0,beckley,37.7782,-81.1882,4.34,74,0,0.45,US,1681199752
1,drawsko pomorskie,53.5306,15.8097,12.72,76,100,2.24,PL,1681199753
2,airai,-8.9266,125.4092,19.51,90,63,0.98,TL,1681199754
3,busselton,-33.65,115.3333,20.89,57,50,4.49,AU,1681199756
4,mataura,-46.1927,168.8643,11.38,97,83,1.15,NZ,1681199757
5,faanui,-16.4833,-151.75,27.48,75,100,4.33,PF,1681199758
6,dikson,73.5069,80.5464,-18.97,92,79,6.23,RU,1681199759
7,nikolskoye,59.7035,30.7861,10.94,63,97,0.2,RU,1681199760
8,castro,-24.7911,-50.0119,12.51,98,21,1.23,BR,1681199761
9,punta arenas,-53.15,-70.9167,6.06,70,0,4.63,CL,1681199689
10,port hedland,-20.3167,118.5667,35.03,36,84,5.66,AU,1681199715
11,atuona,-9.8,-139.0333,27.19,80,100,6.51,PF,1681199766
12,rikitea,-23.1203,-134.9692,24.81,70,100,4.4,PF,1681199767
13,baruun-urt,46.6806,113.2792,3.44,16,0,12.53,MN,1681199769
14,kaka,37.3482,59.6143,28.38,22,85,5.16,TM,1681199770
15,buraydah,26.326,43.975,25.25,31,25,7.27,SA,1681199771
16,zhigansk,66.7697,123.3711,-13.65,71,17,1.42,RU,1681199773
17,hobart,-42.8794,147.3294,14.57,91,75,2.57,AU,1681199774
18,jamestown,42.097,-79.2353,9.77,36,0,2.57,US,1681199597
19,puerto baquerizo moreno,-0.9,-89.6,26.28,75,45,0.93,EC,1681199611
20,mirzapur,25.15,82.5833,36.98,6,33,7.27,IN,1681199778
21,fenoarivo,-18.933,47.4354,24.04,60,20,1.54,MG,1681199779
22,deputatskiy,69.3,139.9,-18.03,91,6,0.78,RU,1681199781
23,puerto ayora,-0.7393,-90.3518,25.31,94,12,0.89,EC,1681199783
24,acapulco,16.8634,-99.8901,26.9,78,75,2.06,MX,1681199784
25,hilo,19.7297,-155.09,20.85,92,100,3.6,US,1681199785
26,palora,-1.7,-77.9333,17.39,98,80,1.01,EC,1681199787
27,hithadhoo,-0.6,73.0833,28.23,67,35,0.48,MV,1681199788
28,khapa,21.4333,78.9667,37.97,14,25,2.4,IN,1681199789
29,ushuaia,-54.8,-68.3,4.81,87,100,12.86,AR,1681199790
30,luderitz,-26.6481,15.1594,21.29,33,90,3.16,NA,1681199792
31,vila,42.0304,-8.1588,8.17,100,54,1.17,PT,1681199793
32,isangel,-19.55,169.2667,27.53,82,100,2.12,VU,1681199568
33,nipawin,53.3668,-104.0009,3.02,70,100,3.6,CA,1681199795
34,praia,14.9215,-23.5087,20.3,73,20,3.6,CV,1681199542
35,pratapgarh,24.0333,74.7833,36.82,12,67,4.57,IN,1681199798
36,mahebourg,-20.4081,57.7,29.03,83,75,3.09,MU,1681199799
37,tuktoyaktuk,69.4541,-133.0374,-13.22,94,100,5.75,CA,1681199800
38,miranda,3.2499,-76.2281,18.07,90,93,1.87,CO,1681199802
39,chokurdakh,70.6333,147.9167,-19.3,90,100,2.15,RU,1681199803
40,avarua,-21.2078,-159.775,23.03,78,2,1.03,CK,1681199804
41,ovre ardal,61.3167,7.8,5.49,90,100,3.15,NO,1681199805
42,abha,18.2164,42.5053,22.14,27,20,8.23,SA,1681199806
43,salalah,17.0151,54.0924,29.85,59,3,4.8,OM,1681199808
44,khatanga,71.9667,102.5,-16.68,77,100,5.87,RU,1681199810
45,kodiak,57.79,-152.4072,-2.27,64,0,1.54,US,1681199811
46,mount gambier,-37.8333,140.7667,15.94,54,94,3.03,AU,1681199812
47,kahului,20.8947,-156.47,23.8,85,40,5.66,US,1681199813
48,hit,33.6416,42.8251,28.09,32,99,4.42,IQ,1681199814
49,cidreira,-30.1811,-50.2056,21.16,90,0,3.11,BR,1681199815
50,yuzhno-kurilsk,44.0306,145.8556,5.51,85,73,2.64,RU,1681199816
51,tasiilaq,65.6145,-37.6368,0.64,99,100,2.54,GL,1681199817
52,rocha,-34.4833,-54.3333,14.99,96,5,2.61,UY,1681199818
53,warmbad,-28.45,18.7333,16.13,34,100,4.18,NA,1681199819
54,dale,38.1689,-86.99,9.84,71,0,0.0,US,1681199820
55,bluff,-46.6,168.3333,11.56,92,99,6.48,NZ,1681199821
56,east london,-33.0153,27.9116,18.52,45,0,10.8,ZA,1681199822
57,pontianak,-0.0333,109.3333,32.99,55,20,3.6,ID,1681199824
58,port alfred,-33.5906,26.891,18.99,53,39,4.92,ZA,1681199825
59,qaanaaq,77.484,-69.3632,-24.53,73,1,3.06,GL,1681199719
60,sola,-13.8833,167.55,28.08,74,89,2.43,VU,1681199827
61,olafsvik,64.8945,-23.7142,2.84,98,100,3.39,IS,1681199828
62,bredasdorp,-34.5322,20.0403,16.35,58,74,2.28,ZA,1681199829
63,hermanus,-34.4187,19.2345,16.56,61,99,1.5,ZA,1681199808
64,mar del plata,-38.0023,-57.5575,17.75,88,100,8.94,AR,1681199831
65,vaini,-21.2,-175.2,26.09,89,20,4.12,TO,1681199832
66,tiksi,71.6872,128.8694,-19.43,99,30,1.76,RU,1681199834
67,dicabisagan,17.0818,122.4157,26.22,72,98,3.89,PH,1681199835
68,kapaa,22.0752,-159.319,22.28,87,100,9.26,US,1681199836
69,coolum beach,-26.5333,153.1,23.39,59,0,1.28,AU,1681199837
70,albany,42.6001,-73.9662,8.1,58,96,1.34,US,1681199595
71,torbay,47.6666,-52.7314,2.16,69,0,9.26,CA,1681199839
72,saldanha,-33.0117,17.9442,12.03,67,100,4.75,ZA,1681199840
73,new norfolk,-42.7826,147.0587,14.38,72,99,1.27,AU,1681199841
74,casper,42.8666,-106.3131,8.33,49,0,8.23,US,1681199842
75,antofagasta,-23.65,-70.4,17.6,86,53,1.38,CL,1681199548
76,erdenet,49.0333,104.0833,7.32,16,7,5.36,MN,1681199847
77,botro,7.8525,-5.3106,24.71,71,97,2.58,CI,1681199733
78,sioux lookout,50.1001,-91.917,5.04,65,40,3.09,CA,1681199849
79,saint-georges,12.0564,-61.7485,25.01,81,84,6.06,GD,1681199851
80,buala,-8.145,159.5921,25.93,82,100,0.93,SB,1681199852
81,acajutla,13.5928,-89.8275,26.86,47,100,1.86,SV,1681199853
82,ikongo,-21.8833,47.4333,29.17,52,1,1.19,MG,1681199855
83,nakhon si thammarat,8.25,100.0,40.81,43,61,6.17,TH,1681199856
84,barrow,71.2906,-156.7887,-18.99,78,100,3.6,US,1681199857
85,manokwari,-0.8667,134.0833,27.35,81,100,2.3,ID,1681199858
86,saint-augustin,51.226,-58.6502,0.45,92,71,3.67,CA,1681199859
87,lebu,-37.6167,-73.65,14.51,96,80,2.06,CL,1681199861
88,bonfim,3.0833,-59.95,25.99,62,100,3.41,BR,1681199862
89,saint-pierre,-21.3393,55.4781,28.82,70,100,2.06,RE,1681199863
90,alofi,-19.0595,-169.9187,24.94,78,78,3.6,NU,1681199865
91,severo-kurilsk,50.6789,156.125,-0.79,81,96,13.89,RU,1681199866
92,tual,-5.6667,132.75,28.82,73,61,0.64,ID,1681199867
93,auki,-8.7676,160.7034,25.67,84,100,0.63,SB,1681199868
94,guerrero negro,27.9769,-114.0611,13.59,91,0,4.64,MX,1681199650
95,upernavik,72.7868,-56.1549,-17.79,97,100,5.84,GL,1681199870
96,westport,41.1415,-73.3579,10.97,87,0,0.0,US,1681199675
97,lagoa,39.05,-27.9833,15.45,89,100,10.38,PT,1681199872
98,iqaluit,63.7506,-68.5145,-14.15,92,100,0.0,CA,1681199873
99,kerrobert,51.9168,-109.1348,2.03,73,100,7.27,CA,1681199628
100,vardo,70.3705,31.1107,1.99,93,75,5.66,NO,1681199875
101,port hardy,50.6996,-127.4199,5.0,93,100,2.06,CA,1681199876
102,port-cartier,50.0334,-66.8654,3.82,100,100,1.86,CA,1681199877
103,zelenoborskiy,66.845,32.3622,1.27,99,100,2.7,RU,1681199878
104,yellowknife,62.456,-114.3525,-4.71,74,100,6.17,CA,1681199872
105,cabo san lucas,22.8909,-109.9124,23.06,35,77,0.89,MX,1681199880
106,williston,48.147,-103.618,12.4,73,100,3.55,US,1681199882
107,yeppoon,-23.1333,150.7333,28.88,56,0,1.56,AU,1681199883
108,poum,-20.2333,164.0167,26.59,80,93,4.64,NC,1681199884
109,chifeng,42.2683,118.9636,6.58,7,0,13.23,CN,1681199885
110,cape town,-33.9258,18.4232,18.4,60,75,2.24,ZA,1681199825
111,saint george,37.1041,-113.5841,17.33,34,0,1.54,US,1681199887
112,labuan,5.2767,115.2417,30.2,70,20,2.06,MY,1681199889
113,klaksvik,62.2266,-6.589,7.51,82,81,2.28,FO,1681199890
114,mahibadhoo,3.7833,72.9667,28.86,72,78,3.85,MV,1681199891
115,pavilosta,56.8879,21.1859,12.95,74,35,4.14,LV,1681199892
116,shadegan,30.6497,48.6647,27.97,16,99,7.55,IR,1681199894
117,ust-tsilma,65.441,52.1498,1.23,98,100,4.07,RU,1681199895
118,katsuura,35.1333,140.3,17.77,72,0,10.35,JP,1681199896
119,mweka,-4.85,21.5667,25.74,73,100,1.9,CD,1681199897
120,iquitos,-3.7481,-73.2472,23.02,94,0,0.0,PE,1681199899
121,kearney,40.6995,-99.0815,10.14,72,0,5.14,US,1681199678
122,punta alta,-38.8759,-62.0736,15.04,72,100,1.17,AR,1681199902
123,erenhot,43.6475,111.9767,5.78,12,0,11.2,CN,1681199903
124,saint-philippe,-21.3585,55.7679,28.77,71,100,3.07,RE,1681199904
125,lebedinyy,58.5167,125.5167,-7.49,89,100,5.36,RU,1681199905
126,butaritari,3.0707,172.7902,27.28,81,100,4.32,KI,1681199907
127,lukovetskiy,64.2956,41.9211,1.99,88,100,2.8,RU,1681199909
128,tashtyp,52.7939,89.8983,8.41,59,80,8.37,RU,1681199910
129,thinadhoo,0.5333,72.9333,28.46,70,39,1.0,MV,1681199912
130,fortuna,40.5982,-124.1573,9.4,96,99,0.45,US,1681199913
131,san quintin,30.4833,-115.95,13.9,87,0,2.72,MX,1681199914
132,kavieng,-2.5744,150.7967,27.29,77,98,2.04,PG,1681199915
133,maniitsoq,65.4167,-52.9,-1.55,67,19,3.24,GL,1681199916
134,ibicui,-14.8417,-39.9867,20.68,97,91,1.26,BR,1681199918
135,georgetown,5.4112,100.3354,33.96,66,20,4.63,MY,1681199919
136,union,40.6334,-74.2663,12.28,55,0,4.12,US,1681199636
137,cherskiy,68.75,161.3,-20.28,96,7,2.88,RU,1681199921
138,chuy,-33.6971,-53.4616,16.96,94,3,2.04,UY,1681199886
139,camacha,33.0833,-16.3333,15.68,77,20,2.06,PT,1681199923
140,san patricio,28.017,-97.5169,20.92,95,1,2.07,US,1681199924
141,kudahuvadhoo,2.6708,72.8944,28.87,71,89,3.07,MV,1681199876
142,souillac,-20.5167,57.5167,27.21,83,75,3.09,MU,1681199915
143,katherine,-14.4667,132.2667,31.18,58,100,3.6,AU,1681199927
144,chilca,-12.5211,-76.7372,23.25,84,100,3.19,PE,1681199928
145,porto novo,6.4965,2.6036,29.9,61,52,3.64,BJ,1681199810
146,kawalu,-7.3817,108.2082,28.88,68,74,2.5,ID,1681199930
147,pandan niog,6.2282,120.5631,28.03,74,100,4.45,PH,1681199931
148,palana,59.1167,159.9667,-10.65,84,100,8.48,RU,1681199932
149,bathsheba,13.2167,-59.5167,25.34,73,20,7.2,BB,1681199933
150,grenfell,-33.9,148.1667,13.58,51,100,2.24,AU,1681199934
151,nanortalik,60.1432,-45.2371,0.45,99,97,2.28,GL,1681199935
152,port lincoln,-34.7333,135.8667,20.13,79,100,5.43,AU,1681199936
153,bethel,41.3712,-73.414,9.24,72,0,0.0,US,1681199916
154,tecpan guatemala,14.7669,-90.9942,11.95,83,6,2.35,GT,1681199938
155,sartana,47.1744,37.6927,13.21,60,100,10.92,UA,1681199939
156,pringsewu,-5.3582,104.9744,30.74,61,72,2.1,ID,1681199941
157,hofn,64.2539,-15.2082,2.22,98,100,1.86,IS,1681199943
158,podenii noi,45.1167,26.1667,13.1,57,100,5.03,RO,1681199944
159,northam,51.0333,-4.2167,9.78,89,94,5.85,GB,1681199946
160,ilulissat,69.2167,-51.1,-1.0,55,0,8.71,GL,1681199947
161,bengkulu,-3.8004,102.2655,28.92,68,46,3.04,ID,1681199919
162,bahia blanca,-38.7196,-62.2724,14.9,85,100,0.89,AR,1681199949
163,arraial do cabo,-22.9661,-42.0278,19.92,94,0,1.54,BR,1681199950
164,kuraymah,18.55,31.85,35.96,13,0,4.36,SD,1681199952
165,igrim,63.1906,64.4162,-1.36,93,100,2.32,RU,1681199953
166,tigil,57.8,158.6667,-8.76,89,99,6.77,RU,1681199954
167,ahipara,-35.1667,173.1667,17.72,93,27,5.31,NZ,1681199955
168,the valley,18.217,-63.0578,25.05,81,4,6.09,AI,1681199957
169,ust-kuyga,70.0167,135.6,-13.63,77,0,1.28,RU,1681199958
170,vila franca do campo,37.7167,-25.4333,16.23,90,71,4.9,PT,1681199959
171,beyneu,45.3167,55.2,19.91,30,100,2.34,KZ,1681199960
172,qaqortoq,60.7167,-46.0333,-0.7,96,99,1.8,GL,1681199962
173,thompson,55.7435,-97.8558,1.09,60,0,2.06,CA,1681199963
174,hutchinson,38.0608,-97.9298,12.24,82,0,3.5,US,1681199964
175,dasoguz,41.8363,59.9666,17.97,55,0,4.12,TM,1681199965
176,ancud,-41.8697,-73.8203,13.42,98,100,2.29,CL,1681199966
177,ahuimanu,21.4447,-157.8378,25.84,79,40,6.69,US,1681199967
178,oranjestad,12.524,-70.027,26.06,85,20,7.72,AW,1681199969
179,shelburne,44.0787,-80.2041,11.25,56,100,6.31,CA,1681199970
180,hakui,36.8833,136.7833,24.08,59,100,6.74,JP,1681199971
181,dunedin,-45.8742,170.5036,12.86,95,100,3.32,NZ,1681199972
182,shestakovo,56.4915,103.96,3.33,69,100,4.77,RU,1681199973
183,staryy nadym,65.6118,72.6842,-13.91,72,13,4.7,RU,1681199974
184,richards bay,-28.783,32.0377,22.11,74,66,4.58,ZA,1681199975
185,bambous virieux,-20.3428,57.7575,29.01,83,75,3.09,MU,1681199977
186,birjand,32.8663,59.2211,26.26,9,0,2.06,IR,1681199978
187,sao filipe,14.8961,-24.4956,21.48,62,100,4.07,CV,1681199979
188,moses lake,47.1301,-119.2781,8.38,87,100,3.88,US,1681199980
189,yar-sale,66.8333,70.8333,-17.75,78,2,2.61,RU,1681199981
190,guiratinga,-16.3494,-53.7583,20.45,93,99,1.07,BR,1681199982
191,geraldton,-28.7667,114.6,24.23,46,75,5.66,AU,1681199712
192,lavrentiya,65.5833,-171.0,-28.64,98,14,2.76,RU,1681199984
193,beringovskiy,63.05,179.3167,-15.24,89,100,8.83,RU,1681199985
194,magadan,59.5667,150.8,-7.04,72,100,3.46,RU,1681199987
195,port elizabeth,-33.918,25.5701,19.5,52,0,9.26,ZA,1681199988
196,preston,53.7667,-2.7167,9.54,75,40,7.2,GB,1681199989
197,puri,19.8,85.85,39.29,58,0,6.32,IN,1681199990
198,paracuru,-3.41,-39.0306,23.39,90,100,3.17,BR,1681199991
199,eureka,40.8021,-124.1637,10.37,96,98,3.58,US,1681199992
200,suwalki,54.1118,22.9309,12.35,64,4,5.05,PL,1681199993
201,pevek,69.7008,170.3133,-26.86,100,19,0.85,RU,1681199994
202,acarau,-2.8856,-40.12,25.01,86,100,3.21,BR,1681199995
203,uige,-7.6087,15.0613,23.99,81,100,1.34,AO,1681199996
204,adrar,20.5022,-10.0711,25.07,22,29,5.99,MR,1681199997
205,longyearbyen,78.2186,15.6401,-4.09,80,75,5.66,SJ,1681199998
206,angoche,-16.2325,39.9086,30.81,61,8,1.3,MZ,1681200001
207,ribeira grande,38.5167,-28.7,16.54,94,75,7.2,PT,1681200015
208,irbil,36.1926,44.0106,26.9,28,75,7.2,IQ,1681200008
209,mantua,45.1667,10.7833,15.75,63,100,1.6,IT,1681200030
210,narowal,32.1,74.8833,34.94,16,0,3.63,PK,1681200041
211,lucapa,-8.4192,20.7447,21.56,85,100,1.24,AO,1681200042
212,teguldet,57.3064,88.1667,-1.81,67,83,7.23,RU,1681200043
213,kutum,14.2,24.6667,33.21,8,75,6.19,SD,1681200044
214,imeni poliny osipenko,52.4201,136.4853,0.57,98,100,5.76,RU,1681200045
215,black river,18.0264,-77.8487,22.03,92,0,0.78,JM,1681200047
216,viedma,-40.8135,-62.9967,14.09,80,100,2.97,AR,1681200046
217,kidal,18.4411,1.4078,29.25,11,63,8.09,ML,1681200049
218,seoni malwa,22.45,77.4667,38.91,10,3,2.54,IN,1681200050
219,zhezkazgan,47.8043,67.7144,15.99,20,20,7.0,KZ,1681200051
220,almaty,43.25,76.95,10.95,62,100,11.0,KZ,1681200007
221,leningradskiy,69.3833,178.4167,-25.18,97,87,3.18,RU,1681200053
222,vila velha,-20.3297,-40.2925,21.97,98,100,1.54,BR,1681199923
223,santiago del estero,-27.7951,-64.2615,19.78,71,0,3.63,AR,1681199881
224,sao jose da coroa grande,-8.8978,-35.1478,22.12,91,67,0.75,BR,1681200057
225,egvekinot,66.3167,-179.1667,-26.39,93,5,3.7,RU,1681200058
226,victoria,22.2855,114.1577,27.03,99,24,3.43,HK,1681199820
227,ukiah,39.1502,-123.2078,14.69,87,100,0.0,US,1681200006
228,romny,50.751,33.4747,13.62,43,99,6.3,UA,1681200062
229,cherlak,54.155,74.8055,2.24,37,100,7.68,RU,1681200063
230,mpika,-11.8343,31.4529,20.69,84,100,1.8,ZM,1681200065
231,shahrud,36.4182,54.9763,23.13,19,56,5.12,IR,1681199952
232,novyy urengoy,66.0833,76.6333,-18.65,89,85,6.34,RU,1681200067
233,beloha,-25.1667,45.05,30.52,43,0,2.98,MG,1681200069
234,paamiut,61.994,-49.6678,0.02,75,41,3.57,GL,1681200070
235,sudogda,55.9539,40.8629,12.85,45,38,2.32,RU,1681200071
236,codrington,-38.2667,141.9667,16.18,57,100,3.31,AU,1681200072
237,agadir,30.4202,-9.5982,18.25,44,0,1.11,MA,1681200020
238,sitka,57.0531,-135.33,1.08,91,100,1.02,US,1681200075
239,bara,10.3744,10.7288,29.88,30,89,2.6,NG,1681200076
240,sharan,54.8167,54.0,7.34,42,6,1.98,RU,1681200079
241,sinnamary,5.3833,-52.95,24.91,88,56,3.43,GF,1681200080
242,sonoita,31.85,-112.8333,22.44,22,0,0.81,MX,1681200081
243,kaitangata,-46.2817,169.8464,12.24,96,79,3.2,NZ,1681200083
244,namibe,-15.1961,12.1522,23.66,74,10,1.72,AO,1681199892
245,ustka,54.5805,16.8619,13.14,71,100,7.47,PL,1681199676
246,sur,22.5667,59.5289,30.29,46,100,2.01,OM,1681199900
247,nova olimpia,-14.7972,-57.2881,22.18,98,100,1.33,BR,1681200088
248,krasnoselkup,65.7,82.4667,-17.11,86,100,7.2,RU,1681200090
249,gizo,-8.103,156.8419,27.66,75,100,1.71,SB,1681200091
250,puerto del rosario,28.5004,-13.8627,19.86,83,20,7.2,ES,1681200092
251,san cristobal,7.7669,-72.225,19.04,95,98,0.96,VE,1681200093
252,sayyan,15.1718,44.3244,19.83,32,2,0.62,YE,1681200094
253,chapais,49.7834,-74.8492,0.88,99,100,2.89,CA,1681200096
254,pirovskoye,57.6267,92.2658,0.72,71,100,7.25,RU,1681200097
255,dongsheng,39.8161,109.9776,8.42,14,0,5.27,CN,1681200030
256,san rafael,-34.6177,-68.3301,15.88,73,24,0.97,AR,1681200099
257,orotukan,62.2667,151.7,-14.83,89,96,2.04,RU,1681200100
258,oksfjord,70.2396,22.3479,3.1,80,35,2.86,NO,1681200101
259,coquimbo,-29.9533,-71.3436,14.85,100,100,1.03,CL,1681199596
260,ixtapa,20.7,-105.2,21.79,79,5,2.24,MX,1681200039
261,capitan bado,-23.2667,-55.5333,17.92,94,43,3.36,PY,1681200104
262,grand gaube,-20.0064,57.6608,29.1,68,100,1.79,MU,1681200105
263,norman wells,65.282,-126.8329,-5.98,68,75,4.63,CA,1681200106
264,smidovich,48.6,133.8167,9.23,84,100,5.14,RU,1681200107
265,bereda,43.2686,-7.5406,12.45,100,100,2.1,ES,1681200109
266,naryan-mar,67.6713,53.087,-0.3,92,83,5.38,RU,1681200110
267,saskylakh,71.9167,114.0833,-14.85,83,100,5.03,RU,1681200112
268,carnarvon,-24.8667,113.6333,24.3,48,7,8.82,AU,1681199900
269,makakilo city,21.3469,-158.0858,22.88,84,75,1.54,US,1681200114
270,tibati,6.4667,12.6333,25.57,62,100,1.55,CM,1681200115
271,maceio,-9.6658,-35.7353,22.69,100,20,2.06,BR,1681200116
272,carlsbad,33.1581,-117.3506,15.1,95,15,0.45,US,1681200117
273,bima,-8.4667,118.7167,28.21,86,95,1.31,ID,1681200118
274,balkanabat,39.5108,54.3671,26.26,25,99,5.17,TM,1681200119
275,urucara,-2.5364,-57.76,22.94,99,98,0.74,BR,1681200120
276,kattivakkam,13.2167,80.3167,35.05,70,5,4.82,IN,1681200121
277,batagay-alyta,67.8006,130.4114,-13.89,83,100,1.03,RU,1681200122
278,novaya zaimka,56.4857,66.9241,2.24,39,35,5.42,RU,1681200124
279,cayenne,4.9333,-52.3333,24.02,94,75,1.03,GF,1681200007
280,huarmey,-10.0681,-78.1522,24.13,85,93,3.97,PE,1681199918
281,husavik,66.0449,-17.3389,2.48,99,100,3.43,IS,1681200127
282,palmer,42.1584,-72.3287,10.26,63,74,1.1,US,1681199942
283,syedove,47.0768,38.156,11.85,67,100,12.17,UA,1681200130
284,khilok,51.3674,110.4676,1.5,47,4,6.51,RU,1681200132
285,diamantino,-14.4086,-56.4461,21.84,96,100,0.87,BR,1681200135
286,sept-iles,50.2001,-66.3821,4.0,86,100,3.09,CA,1681199880
287,kasempa,-13.4584,25.8338,21.71,75,96,2.84,ZM,1681200137
288,alta,69.9689,23.2717,-0.41,74,0,0.51,NO,1681200138
289,cockburn town,21.4612,-71.1419,24.98,78,22,3.53,TC,1681200141
290,palestine,31.9216,35.2033,13.53,97,100,4.65,PS,1681200143
291,gravdal,68.1214,13.5031,5.94,49,0,7.72,NO,1681199902
292,saint anthony,45.0205,-93.218,14.16,58,0,4.12,US,1681200146
293,gazanjyk,39.2446,55.5154,26.13,23,84,8.91,TM,1681200147
294,shingu,33.7333,135.9833,18.25,67,69,5.01,JP,1681199889
295,lewiston,44.1003,-70.2148,9.57,62,0,0.45,US,1681200150
296,campo verde,-20.4167,-54.0667,19.86,91,29,1.72,BR,1681200153
297,yuxia,34.0615,108.6291,24.34,26,1,3.65,CN,1681200155
298,provost,52.3501,-110.2683,3.25,80,100,6.15,CA,1681199708
299,gandorhun,7.5,-11.8333,25.59,84,8,1.87,SL,1681200157
300,padang,-0.9492,100.3543,30.03,69,96,2.92,ID,1681200035
301,nhulunbuy,-12.2333,136.7667,30.34,70,87,4.12,AU,1681200159
302,sindor,62.8629,51.8905,0.64,100,100,3.73,RU,1681200160
303,tuatapere,-46.1333,167.6833,12.62,96,100,2.14,NZ,1681200161
304,hirara,24.8,125.2833,25.15,69,20,3.09,JP,1681200162
305,morant bay,17.8815,-76.4093,25.79,84,7,1.41,JM,1681200163
306,shimoda,34.6667,138.95,20.2,72,4,6.63,JP,1681200165
307,keningau,5.3378,116.1602,29.33,70,82,1.46,MY,1681200166
308,polyarnyy,69.1989,33.4478,1.66,97,98,4.13,RU,1681200168
309,pisco,-13.7,-76.2167,22.03,88,76,2.06,PE,1681200169
310,san juan,-31.5375,-68.5364,20.73,58,100,1.69,AR,1681200093
311,kulhudhuffushi,6.6221,73.07,29.02,72,100,5.17,MV,1681200171
312,la palma,33.8464,-118.0467,17.76,91,100,1.54,US,1681199929
313,kuching,1.55,110.3333,32.12,59,40,2.68,MY,1681200173
314,monticello,45.3055,-93.7941,13.97,67,100,2.06,US,1681200116
315,tacuarembo,-31.7333,-55.9833,15.66,89,5,1.71,UY,1681200138
316,caravelas,-17.7125,-39.2481,23.36,91,100,4.52,BR,1681200176
317,santa helena de goias,-17.8136,-50.5969,19.7,88,57,1.13,BR,1681200177
318,krasnoarmeysk,51.0239,45.6969,12.39,32,99,4.07,RU,1681200178
319,bumba,2.1833,22.4667,28.11,63,100,1.91,CD,1681200179
320,miyako,39.6367,141.9525,16.16,54,100,3.09,JP,1681200180
321,ussel,45.55,2.3167,7.85,92,100,2.08,FR,1681200182
322,bestobe,52.4994,73.0975,4.75,29,32,5.93,KZ,1681200183
323,fuyang,32.9,115.8167,24.16,35,100,5.38,CN,1681200026
324,prince rupert,54.3161,-130.3201,2.83,99,100,2.57,CA,1681200075
325,humberto de campos,-2.5983,-43.4611,23.03,95,85,1.53,BR,1681200187
326,enumclaw,47.2043,-121.9915,5.3,95,100,0.45,US,1681200188
327,ponta do sol,32.6667,-17.1,21.51,59,4,2.68,PT,1681200190
328,aasiaat,68.7098,-52.8699,-7.37,78,1,3.2,GL,1681200192
329,dymer,50.7865,30.3026,14.42,55,87,5.36,UA,1681200193
330,cururupu,-1.8283,-44.8683,22.98,98,94,1.18,BR,1681200195
331,presidencia roque saenz pena,-26.7852,-60.4388,19.72,70,20,1.89,AR,1681200196
332,nacala,-14.5428,40.6728,29.62,74,75,1.54,MZ,1681200197
333,waddan,29.1614,16.139,16.6,34,0,5.8,LY,1681200198
334,vao,-22.6667,167.4833,25.71,76,62,4.87,NC,1681200200
335,hasaki,35.7333,140.8333,22.34,69,5,11.5,JP,1681200201
336,nanganga,-10.3833,39.15,28.8,73,99,1.08,TZ,1681200202
337,grindavik,63.8424,-22.4338,4.26,100,75,3.6,IS,1681200204
338,verkhnevilyuysk,63.4453,120.3167,-7.13,72,100,1.55,RU,1681200205
339,havre-saint-pierre,50.2334,-63.5986,1.0,86,100,2.57,CA,1681200206
340,port blair,11.6667,92.75,32.02,66,20,3.6,IN,1681200207
341,candolim,15.5181,73.7626,33.0,49,2,5.66,IN,1681200210
342,parsons,37.3403,-95.2611,9.99,92,0,3.64,US,1681200211
343,pochutla,15.7432,-96.4661,24.9,62,0,1.09,MX,1681200212
344,port-gentil,-0.7193,8.7815,25.98,89,40,2.57,GA,1681200214
345,beira,-19.8436,34.8389,31.05,70,40,4.63,MZ,1681200216
346,comodoro rivadavia,-45.8667,-67.5,7.92,71,0,3.6,AR,1681200019
347,police,53.5521,14.5718,10.37,80,100,2.24,PL,1681199968
348,margate,51.3813,1.3862,9.83,68,32,2.24,GB,1681200221
349,kaeo,-35.1,173.7833,17.97,93,43,5.55,NZ,1681200222
350,rosario,-32.9468,-60.6393,19.9,91,0,1.54,AR,1681200223
351,killam,52.7834,-111.8518,3.97,60,100,1.54,CA,1681200224
352,kalmunai,7.4167,81.8167,30.41,61,60,3.85,LK,1681200225
353,srednekolymsk,67.45,153.6833,-15.72,91,98,3.39,RU,1681200226
354,kirkwall,58.9848,-2.9587,7.2,87,20,5.14,GB,1681200227
355,luganville,-15.5333,167.1667,27.13,83,99,0.68,VU,1681200228
356,te anau,-45.4167,167.7167,11.69,97,99,1.62,NZ,1681200230
357,ada,43.4166,-116.1262,16.34,50,0,6.17,US,1681200231
358,carauari,-4.8828,-66.8958,21.98,99,100,0.27,BR,1681200232
359,riyadh,24.6877,46.7219,29.08,24,73,7.55,SA,1681200107
360,itaituba,-4.2761,-55.9836,22.52,99,100,0.33,BR,1681200082
361,naze,28.3667,129.4833,21.51,75,83,4.32,JP,1681199973
362,cape canaveral,28.4058,-80.6048,22.79,69,0,9.26,US,1681200236
363,samarai,-10.6167,150.6667,26.72,77,100,0.88,PG,1681200237
364,narsaq,60.9167,-46.05,7.12,86,98,0.41,GL,1681200240
365,anadyr,64.75,177.4833,-17.72,65,19,5.0,RU,1681200241
366,papara,-3.9839,-38.7273,23.22,99,100,1.75,BR,1681200242
367,xam nua,20.4197,104.0439,36.95,17,60,2.23,LA,1681200243
368,belmonte,-15.8631,-38.8828,23.94,91,98,2.61,BR,1681200244
369,awbari,26.5921,12.7805,19.7,17,68,0.31,LY,1681200246
370,vostok,46.4856,135.8833,12.03,60,94,4.9,RU,1681200247
371,terrace,54.5163,-128.6035,2.95,93,100,2.06,CA,1681200008
372,hay river,60.8156,-115.7999,-0.01,100,100,4.63,CA,1681200249
373,uva,56.9908,52.1852,7.38,46,13,1.82,RU,1681200251
374,ulundi,-28.3352,31.4162,19.39,78,76,1.54,ZA,1681200252
375,hualmay,-11.0964,-77.6139,23.64,83,91,3.89,PE,1681200253
376,todos santos,23.45,-110.2167,18.58,66,87,3.05,MX,1681200254
377,zorritos,-3.6805,-80.6782,25.54,82,100,0.8,PE,1681200255
378,nador,35.174,-2.9287,22.14,30,0,0.51,MA,1681200257
379,mezhdurechensk,53.6942,88.0603,3.67,93,100,6.38,RU,1681200258
380,oranjemund,-28.55,16.4333,19.25,44,100,2.95,NA,1681200259
381,lugo,43.0,-7.5,12.09,87,100,0.89,ES,1681200260
382,mfou,3.7159,11.6427,22.92,94,75,1.03,CM,1681200262
383,fort morgan,40.2503,-103.8,9.36,40,0,0.0,US,1681200021
384,hamina,60.5697,27.1979,9.6,96,100,2.53,FI,1681200264
385,killybegs,54.6333,-8.45,5.84,80,83,4.46,IE,1681200265
386,tura,25.5198,90.2201,35.19,12,0,3.42,IN,1681200266
387,bandarbeyla,9.4942,50.8122,29.48,67,4,5.73,SO,1681200268
388,alice springs,-23.7,133.8833,33.75,14,92,6.17,AU,1681200269
389,santiago atitlan,14.6382,-91.229,16.35,64,2,3.12,GT,1681200270
390,ascension,30.2169,-90.9001,17.79,80,40,0.0,US,1681200272
391,kismayo,-0.3582,42.5454,30.92,61,27,5.22,SO,1681200273
392,turukhansk,65.8167,87.9833,-11.47,78,100,5.98,RU,1681200274
393,udachnyy,66.4167,112.4,-11.97,39,100,6.14,RU,1681200275
394,vagur,61.4732,-6.8119,6.5,79,76,4.06,FO,1681200276
395,marystown,47.1666,-55.1483,-2.86,100,1,3.74,CA,1681200267
396,mosquera,4.7059,-74.2302,10.05,100,40,1.54,CO,1681200278
397,kirishi,59.4471,32.0205,11.67,51,52,1.98,RU,1681200279
398,vaitape,-16.5167,-151.75,27.48,75,100,4.33,PF,1681200281
399,leeton,-34.5667,146.4,17.16,47,100,1.11,AU,1681200282
400,kjollefjord,70.9457,27.3465,4.03,93,75,4.12,NO,1681200283
401,piacabucu,-10.4056,-36.4344,24.4,85,100,2.19,BR,1681200285
402,high level,58.5169,-117.136,4.06,38,0,3.09,CA,1681200008
403,rio gallegos,-51.6226,-69.2181,2.03,80,0,5.66,AR,1681200287
404,lagos,6.5833,3.75,27.18,68,100,2.88,NG,1681199638
405,ostrovnoy,68.0531,39.5131,1.56,100,100,6.51,RU,1681200289
406,leh,34.1667,77.5833,1.74,44,1,1.99,IN,1681200290
407,laguna,38.421,-121.4238,14.49,86,100,4.12,US,1681200291
408,batemans bay,-35.7167,150.1833,19.5,67,98,3.33,AU,1681200292
409,bayan,46.0833,127.4,7.36,32,97,12.51,CN,1681200293
410,raudeberg,61.9875,5.1352,10.37,69,100,4.65,NO,1681200294
411,nyaunglebin,17.95,96.7333,41.12,17,23,3.35,MM,1681200296
412,matay,28.419,30.7792,20.73,33,33,3.64,EG,1681200297
413,port hueneme,34.1478,-119.1951,13.82,97,100,0.45,US,1681200298
414,iskateley,67.6803,53.1512,-0.34,92,88,5.35,RU,1681200300
415,santa rosa,14.3122,121.1114,31.99,69,100,5.71,PH,1681200301
416,tanout,14.9709,8.8879,30.94,13,98,8.44,NE,1681200303
417,nushki,29.5542,66.0215,29.69,13,3,3.59,PK,1681200304
418,milton,34.1322,-84.3007,8.67,78,0,2.32,US,1681200151
419,batagay,67.6333,134.6333,-10.76,77,100,1.78,RU,1681200306
420,ternate,0.8,127.4,29.32,70,77,2.15,ID,1681200308
421,bakchar,57.0186,82.0711,-4.0,57,100,6.25,RU,1681200309
422,vestmannaeyjar,63.4427,-20.2734,5.55,87,75,7.2,IS,1681200312
423,kungurtug,50.5994,97.5228,4.68,51,96,1.45,RU,1681200313
424,trairi,-3.2778,-39.2689,23.58,93,100,2.65,BR,1681200091
425,vestmanna,62.1564,-7.1664,6.51,81,75,0.51,FO,1681200316
426,quang ngai,15.1167,108.8,29.98,66,78,4.82,VN,1681200317
427,fukue,32.6881,128.8419,19.2,72,75,7.72,JP,1681200320
428,lompoc,34.6391,-120.4579,12.0,96,100,4.63,US,1681200233
429,san luis,-33.295,-66.3356,19.3,62,100,5.18,AR,1681200323
430,tilichiki,60.4667,166.1,-13.65,92,100,4.98,RU,1681200324
431,prachuap khiri khan,12.2167,99.75,34.8,40,97,4.71,TH,1681200325
432,owando,-0.4819,15.8999,22.38,98,100,1.03,CG,1681200326
433,aktash,50.3,87.7333,-3.08,74,100,2.7,RU,1681200328
434,novo aripuana,-5.1206,-60.3797,21.65,96,94,0.85,BR,1681200329
435,bikaner,28.0167,73.3,36.44,12,93,3.58,IN,1681200330
436,esperance,-33.8667,121.9,19.9,65,4,6.91,AU,1681200331
437,nuuk,64.1835,-51.7216,-1.66,100,100,8.23,GL,1681200333
438,sidoarjo,-7.4478,112.7183,30.53,79,40,4.12,ID,1681200334
439,dwarka,22.2394,68.9678,28.57,54,4,4.92,IN,1681200335
440,fairbanks,64.8378,-147.7164,-11.81,69,100,0.0,US,1681200336
441,warrnambool,-38.3833,142.4833,16.85,71,100,3.36,AU,1681200337
442,teya,60.3778,92.6267,0.76,95,100,6.04,RU,1681200338
443,baoshan,46.5586,131.4244,12.8,27,52,6.37,CN,1681200339
444,clyde river,70.4692,-68.5914,-22.87,77,0,7.2,CA,1681200340
445,macusani,-14.0833,-70.4333,1.21,95,100,0.25,PE,1681200341
446,victor harbor,-35.5667,138.6167,19.27,82,100,6.94,AU,1681200342
447,rio grande,-32.035,-52.0986,20.94,91,43,3.32,BR,1681200343
448,chulman,56.8479,124.9104,-4.23,93,100,5.43,RU,1681200344
449,andenes,69.3143,16.1194,3.99,70,0,2.57,NO,1681200346
450,ponta delgada,37.7333,-25.6667,16.4,88,75,5.66,PT,1681200110
451,kavaratti,10.5669,72.642,28.99,68,60,2.06,IN,1681200348
452,segou,13.4317,-6.2157,30.27,20,76,2.55,ML,1681200349
453,krasnohrad,49.3814,35.4402,13.78,41,100,8.88,UA,1681200351
454,taoudenni,22.6783,-3.9836,25.19,10,99,7.71,ML,1681200353
455,rosetta,31.4044,30.4164,17.94,58,0,7.47,EG,1681200354
456,evensk,61.95,159.2333,-5.2,61,100,9.44,RU,1681200355
457,kifri,34.6959,44.9661,29.96,18,50,11.68,IQ,1681200356
458,san vicente,-26.6167,-54.1333,16.35,87,0,0.72,AR,1681200357
459,mackay,-21.15,149.2,25.38,64,8,1.31,AU,1681200359
460,berberati,4.2612,15.7922,20.84,94,40,3.09,CF,1681200360
461,victoria point,-27.5833,153.3,23.98,40,0,1.34,AU,1681200361
462,general pico,-35.6566,-63.7568,21.07,56,100,5.37,AR,1681200362
463,labuhan,-6.8844,112.2051,29.03,75,86,4.75,ID,1681200365
464,krivosheino,57.3431,83.9261,-3.93,63,100,7.35,RU,1681200367
465,valentin gomez farias,28.2167,-106.5833,15.45,64,100,1.72,MX,1681200368
466,ylojarvi,61.5563,23.5961,7.95,50,0,4.63,FI,1681200369
467,port macquarie,-31.4333,152.9167,16.05,63,0,4.17,AU,1681200371
468,manica,49.0,-1.1667,8.86,84,100,4.11,FR,1681200372
469,kostomuksha,64.571,30.5767,1.67,97,100,2.51,RU,1681200373
470,saint-raphael,19.4333,-72.2,20.58,87,7,0.64,HT,1681200309
471,leonidovo,49.2833,142.8667,2.51,92,100,1.69,RU,1681200375
472,luino,46.0019,8.7451,16.29,59,20,0.51,IT,1681200377
473,kapit,2.0167,112.9333,29.65,68,89,1.19,MY,1681200378
474,chumikan,54.7183,135.315,-2.63,89,100,9.83,RU,1681200379
475,kemijarvi,66.7131,27.4306,1.74,98,100,1.88,FI,1681200381
476,gwanda,-20.9333,29.0,24.1,55,100,1.96,ZW,1681200382
477,lahij,13.1667,44.5833,30.83,34,0,6.26,YE,1681200383
478,surt,31.2089,16.5887,16.88,54,9,11.51,LY,1681200384
479,folkestone,51.0833,1.1833,10.55,88,8,4.47,GB,1681200386
480,atherton,53.5237,-2.4935,9.71,68,3,0.89,GB,1681200388
481,lubao,14.9167,120.55,35.84,59,100,4.76,PH,1681200389
482,melfi,40.9965,15.6514,11.94,56,50,2.18,IT,1681200390
483,zastron,-30.3023,27.084,12.47,29,0,0.74,ZA,1681200391
484,gualeguay,-33.1416,-59.3097,15.86,86,10,2.26,AR,1681200393
485,hamilton,39.1834,-84.5333,10.99,61,20,1.54,US,1681199601
486,najran,17.4924,44.1277,24.36,29,0,1.58,SA,1681200396
487,preobrazheniye,42.9019,133.9064,6.03,93,98,3.88,RU,1681200397
488,puerto madero,14.7208,-92.4215,25.11,83,0,0.0,MX,1681200398
489,lianyuan,27.6883,111.6642,24.21,75,70,1.63,CN,1681200399
490,touros,-5.1989,-35.4608,24.1,87,83,4.12,BR,1681200400
491,kachug,53.9606,105.8817,3.78,44,92,1.46,RU,1681200401
492,bolobo,-2.1667,16.2333,23.37,94,100,1.45,CD,1681200402
493,cascais,38.6979,-9.4215,17.25,82,20,7.72,PT,1681200403
494,waikuku,-43.3,172.6833,15.58,68,100,3.79,NZ,1681200404
495,yicheng,31.3705,119.8703,22.58,70,100,2.83,CN,1681200405
496,santa fe,-31.6333,-60.7,19.99,92,3,0.45,AR,1681200406
497,iaciara,-14.0958,-46.6317,19.93,97,91,0.19,BR,1681200407
498,spisske podhradie,49.0009,20.7531,11.24,67,20,1.05,SK,1681200408
499,gornja radgona,46.6733,15.9922,11.34,56,100,2.03,SI,1681200410
500,haines junction,60.7522,-137.5108,-12.69,91,11,1.58,CA,1681200411
501,menongue,-14.6585,17.691,22.44,70,96,1.15,AO,1681200145
502,sundumbili,-29.1337,31.3975,20.81,79,96,4.1,ZA,1681200413
503,natchitoches,31.7668,-93.1335,11.99,100,75,1.54,US,1681200414
504,kundiawa,-6.0167,144.9667,18.26,98,100,0.41,PG,1681200415
505,walvis bay,-22.9575,14.5053,17.6,64,0,1.93,NA,1681200416
506,lethem,3.3803,-59.7968,24.89,71,100,5.18,GY,1681200417
507,chernyshevskiy,63.0128,112.4714,-6.98,74,100,3.4,RU,1681200418
508,kapoeta,4.7717,33.5903,33.49,32,100,11.29,SS,1681200419
509,shitanjing,39.2342,106.3439,13.16,11,0,1.17,CN,1681200420
510,sabha,27.0377,14.4283,18.81,18,42,2.13,LY,1681200421
511,hermosillo,29.0667,-110.9667,25.47,26,38,1.86,MX,1681200193
512,hearst,49.6835,-83.6665,3.75,93,100,6.02,CA,1681200423
513,loviisa,60.4566,26.2251,4.54,76,100,2.79,FI,1681200425
514,anchorage,61.2181,-149.9003,-4.47,89,100,1.54,US,1681200259
515,sao joao da barra,-21.6403,-41.0511,20.43,86,42,2.87,BR,1681200428
516,nishihara,26.1842,127.7558,24.81,69,20,4.12,JP,1681200429
517,abu samrah,35.3029,37.1841,17.54,63,100,8.45,SY,1681200430
518,syamzha,60.0158,41.0614,7.3,73,7,1.41,RU,1681200431
519,sharya,58.3686,45.5144,9.83,48,7,2.0,RU,1681200432
520,finschhafen,-6.6024,147.8681,27.99,77,100,3.72,PG,1681200433
521,abu zabad,12.35,29.25,37.92,8,79,5.29,SD,1681200434
522,inhambane,-23.865,35.3833,26.8,75,70,3.18,MZ,1681200435
523,balotra,25.8333,72.2333,38.29,14,8,5.59,IN,1681200436
524,verkhoyansk,67.5447,133.385,-10.38,74,100,1.63,RU,1681200438
525,henties bay,-22.116,14.2845,16.56,71,0,0.93,NA,1681200439
526,kloulklubed,7.0419,134.2556,28.28,77,98,4.8,PW,1681200440
527,jacmel,18.2342,-72.5347,23.49,84,1,0.68,HT,1681200441
528,ellisras,-23.6649,27.7443,26.36,39,0,1.02,ZA,1681200442
529,jalu,29.0331,21.5482,17.46,43,3,8.6,LY,1681200443
530,tiznit,29.5833,-9.5,23.33,12,0,2.14,MA,1681200445
531,sao mateus,-18.7161,-39.8589,21.69,93,100,2.58,BR,1681200446
532,nanaimo,49.1663,-123.936,7.87,86,98,1.54,CA,1681200149
533,hailey,43.5196,-114.3153,4.92,71,100,4.12,US,1681200448
534,iwanai,42.9744,140.5089,12.9,78,100,3.86,JP,1681200449
535,lima,-12.0432,-77.0282,23.28,84,100,6.69,PE,1681200050
536,bilibino,68.0546,166.4372,-23.45,92,5,3.15,RU,1681200451
537,markova,48.6758,24.4138,7.96,79,35,1.77,UA,1681200452
538,jinchang,38.4953,102.1739,17.36,18,0,4.46,CN,1681200453
539,stanesti,43.9167,25.8333,12.16,60,100,4.86,RO,1681200454
540,rome,34.257,-85.1647,7.49,84,0,0.0,US,1681199882
